id,state_id,country_region_id,country_id,local_id,name,slug,population
"BR-AC-12001","BR-AC","BR-N","BR","12001","Alto Acre","alto-acre","71429"
"BR-AC-12002","BR-AC","BR-N","BR","12002","Baixo Acre e Purus","baixo-acre-e-purus","576027"
"BR-AC-12003","BR-AC","BR-N","BR","12003","Juruá e Tarauacá/Envira","jurua-e-tarauacaenvira","234479"
"BR-AL-27001","BR-AL","BR-NE","BR","27001","1ª Região de Saúde","1a-regiao-de-saude","1276125"
"BR-AL-27002","BR-AL","BR-NE","BR","27002","2ª Região de Saúde","2a-regiao-de-saude","165430"
"BR-AL-27003","BR-AL","BR-NE","BR","27003","3ª Região de Saúde","3a-regiao-de-saude","224096"
"BR-AL-27004","BR-AL","BR-NE","BR","27004","4ª Região de Saúde","4a-regiao-de-saude","143826"
"BR-AL-27005","BR-AL","BR-NE","BR","27005","5ª Região de Saúde","5a-regiao-de-saude","238700"
"BR-AL-27006","BR-AL","BR-NE","BR","27006","6ª Região de Saúde","6a-regiao-de-saude","206303"
"BR-AL-27007","BR-AL","BR-NE","BR","27007","7ª Região de Saúde","7a-regiao-de-saude","528520"
"BR-AL-27008","BR-AL","BR-NE","BR","27008","8ª Região de Saúde","8a-regiao-de-saude","157011"
"BR-AL-27009","BR-AL","BR-NE","BR","27009","9ª Região de Saúde","9a-regiao-de-saude","236588"
"BR-AL-27010","BR-AL","BR-NE","BR","27010","10ª Região de Saúde","10a-regiao-de-saude","160758"
"BR-AM-13001","BR-AM","BR-N","BR","13001","Manaus, Entorno e Alto Rio Negro","manaus-entorno-e-alto-rio-negro","2576049"
"BR-AM-13002","BR-AM","BR-N","BR","13002","Rio Negro e Solimões","rio-negro-e-solimoes","297949"
"BR-AM-13003","BR-AM","BR-N","BR","13003","Rio Madeira","rio-madeira","199609"
"BR-AM-13004","BR-AM","BR-N","BR","13004","Médio Amazonas","medio-amazonas","172997"
"BR-AM-13005","BR-AM","BR-N","BR","13005","Baixo Amazonas","baixo-amazonas","250599"
"BR-AM-13006","BR-AM","BR-N","BR","13006","Regional Purus","regional-purus","132588"
"BR-AM-13007","BR-AM","BR-N","BR","13007","Regional Juruá","regional-jurua","137818"
"BR-AM-13008","BR-AM","BR-N","BR","13008","Triângulo","triangulo","125121"
"BR-AM-13009","BR-AM","BR-N","BR","13009","Alto Solimões","alto-solimoes","251867"
"BR-AP-16001","BR-AP","BR-N","BR","16001","Área Central","area-central","566463"
"BR-AP-16002","BR-AP","BR-N","BR","16002","Área Norte","area-norte","69931"
"BR-AP-16003","BR-AP","BR-N","BR","16003","Área Sudoeste","area-sudoeste","209337"
"BR-BA-29001","BR-BA","BR-NE","BR","29001","Alagoinhas","alagoinhas","538747"
"BR-BA-29002","BR-BA","BR-NE","BR","29002","Barreiras","barreiras","461047"
"BR-BA-29003","BR-BA","BR-NE","BR","29003","Brumado","brumado","406014"
"BR-BA-29004","BR-BA","BR-NE","BR","29004","Camaçari","camacari","626537"
"BR-BA-29005","BR-BA","BR-NE","BR","29005","Cruz das Almas","cruz-das-almas","265033"
"BR-BA-29006","BR-BA","BR-NE","BR","29006","Feira de Santana","feira-de-santana","1150832"
"BR-BA-29007","BR-BA","BR-NE","BR","29007","Guanambi","guanambi","456064"
"BR-BA-29008","BR-BA","BR-NE","BR","29008","Ibotirama","ibotirama","195467"
"BR-BA-29009","BR-BA","BR-NE","BR","29009","Ilhéus","ilheus","298681"
"BR-BA-29010","BR-BA","BR-NE","BR","29010","Irecê","irece","413611"
"BR-BA-29011","BR-BA","BR-NE","BR","29011","Itaberaba","itaberaba","251369"
"BR-BA-29012","BR-BA","BR-NE","BR","29012","Itabuna","itabuna","506504"
"BR-BA-29013","BR-BA","BR-NE","BR","29013","Itapetinga","itapetinga","247367"
"BR-BA-29014","BR-BA","BR-NE","BR","29014","Jacobina","jacobina","392323"
"BR-BA-29015","BR-BA","BR-NE","BR","29015","Jequié","jequie","489413"
"BR-BA-29016","BR-BA","BR-NE","BR","29016","Juazeiro","juazeiro","533013"
"BR-BA-29017","BR-BA","BR-NE","BR","29017","Paulo Afonso","paulo-afonso","252764"
"BR-BA-29018","BR-BA","BR-NE","BR","29018","Porto Seguro","porto-seguro","381727"
"BR-BA-29019","BR-BA","BR-NE","BR","29019","Ribeira do Pombal","ribeira-do-pombal","324181"
"BR-BA-29020","BR-BA","BR-NE","BR","29020","Salvador","salvador","3400621"
"BR-BA-29021","BR-BA","BR-NE","BR","29021","Santa Maria da Vitória","santa-maria-da-vitoria","301737"
"BR-BA-29022","BR-BA","BR-NE","BR","29022","Santo Antônio de Jesus","santo-antonio-de-jesus","459312"
"BR-BA-29023","BR-BA","BR-NE","BR","29023","Seabra","seabra","184730"
"BR-BA-29024","BR-BA","BR-NE","BR","29024","Senhor do Bonfim","senhor-do-bonfim","297714"
"BR-BA-29025","BR-BA","BR-NE","BR","29025","Serrinha","serrinha","632552"
"BR-BA-29026","BR-BA","BR-NE","BR","29026","Teixeira de Freitas","teixeira-de-freitas","452773"
"BR-BA-29027","BR-BA","BR-NE","BR","29027","Valença","valenca","312014"
"BR-BA-29028","BR-BA","BR-NE","BR","29028","Vitória da Conquista","vitoria-da-conquista","640917"
"BR-CE-23001","BR-CE","BR-NE","BR","23001","1ª Região Fortaleza","1a-regiao-fortaleza","2841211"
"BR-CE-23002","BR-CE","BR-NE","BR","23002","2ª Região Caucaia","2a-regiao-caucaia","622473"
"BR-CE-23003","BR-CE","BR-NE","BR","23003","3ª Região Maracanaú","3a-regiao-maracanau","546089"
"BR-CE-23004","BR-CE","BR-NE","BR","23004","4ª Região Baturité","4a-regiao-baturite","140463"
"BR-CE-23005","BR-CE","BR-NE","BR","23005","5ª Região Canindé","5a-regiao-caninde","207578"
"BR-CE-23006","BR-CE","BR-NE","BR","23006","6ª Região Itapipoca","6a-regiao-itapipoca","300492"
"BR-CE-23007","BR-CE","BR-NE","BR","23007","7ª Região Aracati","7a-regiao-aracati","118788"
"BR-CE-23008","BR-CE","BR-NE","BR","23008","8ª Região Quixadá","8a-regiao-quixada","326639"
"BR-CE-23009","BR-CE","BR-NE","BR","23009","9ª Região Russas","9a-regiao-russas","201337"
"BR-CE-23010","BR-CE","BR-NE","BR","23010","10ª Região Limoeiro do Norte","10a-regiao-limoeiro-do-norte","227481"
"BR-CE-23011","BR-CE","BR-NE","BR","23011","11ª Região Sobral","11a-regiao-sobral","651498"
"BR-CE-23012","BR-CE","BR-NE","BR","23012","12ª Região Acaraú","12a-regiao-acarau","231596"
"BR-CE-23013","BR-CE","BR-NE","BR","23013","13ª Região Tianguá","13a-regiao-tiangua","320838"
"BR-CE-23014","BR-CE","BR-NE","BR","23014","14ª Região Tauá","14a-regiao-taua","115619"
"BR-CE-23015","BR-CE","BR-NE","BR","23015","15ª Região Crateús","15a-regiao-crateus","299786"
"BR-CE-23016","BR-CE","BR-NE","BR","23016","16ª Região Camocim","16a-regiao-camocim","157728"
"BR-CE-23017","BR-CE","BR-NE","BR","23017","17ª Região Icó","17a-regiao-ico","172994"
"BR-CE-23018","BR-CE","BR-NE","BR","23018","18ª Região Iguatú","18a-regiao-iguatu","323376"
"BR-CE-23019","BR-CE","BR-NE","BR","23019","19ª Região Brejo Santo","19a-regiao-brejo-santo","216206"
"BR-CE-23020","BR-CE","BR-NE","BR","23020","20ª Região Crato","20a-regiao-crato","349132"
"BR-CE-23021","BR-CE","BR-NE","BR","23021","21ª Região Juazeiro do Norte","21a-regiao-juazeiro-do-norte","429364"
"BR-CE-23022","BR-CE","BR-NE","BR","23022","22ª Região Cascavel","22a-regiao-cascavel","331390"
"BR-DF-53001","BR-DF","BR-CO","BR","53001","Distrito Federal","distrito-federal","3015268"
"BR-ES-32001","BR-ES","BR-SE","BR","32001","Central","central","661264"
"BR-ES-32002","BR-ES","BR-SE","BR","32002","Metropolitana","metropolitana","2248766"
"BR-ES-32003","BR-ES","BR-SE","BR","32003","Norte","norte","430549"
"BR-ES-32004","BR-ES","BR-SE","BR","32004","Sul","sul","678071"
"BR-GO-52001","BR-GO","BR-CO","BR","52001","Central","central","1910923"
"BR-GO-52002","BR-GO","BR-CO","BR","52002","Centro Sul","centro-sul","944218"
"BR-GO-52003","BR-GO","BR-CO","BR","52003","Entorno Norte","entorno-norte","269355"
"BR-GO-52004","BR-GO","BR-CO","BR","52004","Entorno Sul","entorno-sul","910035"
"BR-GO-52005","BR-GO","BR-CO","BR","52005","Estrada de Ferro","estrada-de-ferro","314184"
"BR-GO-52006","BR-GO","BR-CO","BR","52006","Nordeste I","nordeste-i","46464"
"BR-GO-52007","BR-GO","BR-CO","BR","52007","Nordeste II","nordeste-ii","104943"
"BR-GO-52008","BR-GO","BR-CO","BR","52008","Norte","norte","136519"
"BR-GO-52009","BR-GO","BR-CO","BR","52009","Oeste I","oeste-i","113882"
"BR-GO-52010","BR-GO","BR-CO","BR","52010","Oeste II","oeste-ii","115958"
"BR-GO-52011","BR-GO","BR-CO","BR","52011","Pirineus","pirineus","521757"
"BR-GO-52012","BR-GO","BR-CO","BR","52012","Rio Vermelho","rio-vermelho","199298"
"BR-GO-52013","BR-GO","BR-CO","BR","52013","São Patrício I","sao-patricio-i","166102"
"BR-GO-52014","BR-GO","BR-CO","BR","52014","Serra da Mesa","serra-da-mesa","129150"
"BR-GO-52015","BR-GO","BR-CO","BR","52015","Sudoeste I","sudoeste-i","466594"
"BR-GO-52016","BR-GO","BR-CO","BR","52016","Sudoeste II","sudoeste-ii","232723"
"BR-GO-52017","BR-GO","BR-CO","BR","52017","Sul","sul","253654"
"BR-GO-52018","BR-GO","BR-CO","BR","52018","São Patrício II","sao-patricio-ii","182595"
"BR-MA-21001","BR-MA","BR-NE","BR","21001","Açailândia","acailandia","297408"
"BR-MA-21002","BR-MA","BR-NE","BR","21002","Bacabal","bacabal","269769"
"BR-MA-21003","BR-MA","BR-NE","BR","21003","Balsas","balsas","226350"
"BR-MA-21004","BR-MA","BR-NE","BR","21004","Barra do Corda","barra-do-corda","233372"
"BR-MA-21005","BR-MA","BR-NE","BR","21005","Caxias","caxias","305941"
"BR-MA-21006","BR-MA","BR-NE","BR","21006","Chapadinha","chapadinha","378364"
"BR-MA-21007","BR-MA","BR-NE","BR","21007","Codó","codo","309057"
"BR-MA-21008","BR-MA","BR-NE","BR","21008","Imperatriz","imperatriz","542962"
"BR-MA-21009","BR-MA","BR-NE","BR","21009","Itapecuru Mirim","itapecuru-mirim","384775"
"BR-MA-21010","BR-MA","BR-NE","BR","21010","Pedreiras","pedreiras","218926"
"BR-MA-21011","BR-MA","BR-NE","BR","21011","Pinheiro","pinheiro","397484"
"BR-MA-21012","BR-MA","BR-NE","BR","21012","Presidente Dutra","presidente-dutra","290770"
"BR-MA-21013","BR-MA","BR-NE","BR","21013","Rosário","rosario","300897"
"BR-MA-21014","BR-MA","BR-NE","BR","21014","Santa Inês","santa-ines","394248"
"BR-MA-21015","BR-MA","BR-NE","BR","21015","São João dos Patos","sao-joao-dos-patos","246109"
"BR-MA-21016","BR-MA","BR-NE","BR","21016","São Luís","sao-luis","1454626"
"BR-MA-21017","BR-MA","BR-NE","BR","21017","Timon","timon","250006"
"BR-MA-21018","BR-MA","BR-NE","BR","21018","Viana","viana","273027"
"BR-MA-21019","BR-MA","BR-NE","BR","21019","Zé Doca","ze-doca","301090"
"BR-MG-31001","BR-MG","BR-SE","BR","31001","Alfenas / Machado","alfenas-machado","302098"
"BR-MG-31002","BR-MG","BR-SE","BR","31002","Guaxupé","guaxupe","144742"
"BR-MG-31003","BR-MG","BR-SE","BR","31003","Itajubá","itajuba","205172"
"BR-MG-31004","BR-MG","BR-SE","BR","31004","Lavras","lavras","184586"
"BR-MG-31006","BR-MG","BR-SE","BR","31006","Poços de Caldas","pocos-de-caldas","238398"
"BR-MG-31007","BR-MG","BR-SE","BR","31007","Pouso Alegre","pouso-alegre","548821"
"BR-MG-31008","BR-MG","BR-SE","BR","31008","São Lourenço","sao-lourenco","263323"
"BR-MG-31009","BR-MG","BR-SE","BR","31009","São Sebastião do Paraíso","sao-sebastiao-do-paraiso","125982"
"BR-MG-31010","BR-MG","BR-SE","BR","31010","Três Corações","tres-coracoes","133506"
"BR-MG-31011","BR-MG","BR-SE","BR","31011","Três Pontas","tres-pontas","125507"
"BR-MG-31012","BR-MG","BR-SE","BR","31012","Varginha","varginha","201309"
"BR-MG-31013","BR-MG","BR-SE","BR","31013","Barbacena","barbacena","238637"
"BR-MG-31015","BR-MG","BR-SE","BR","31015","São João Del Rei","sao-joao-del-rei","240651"
"BR-MG-31016","BR-MG","BR-SE","BR","31016","Belo Horizonte/ Nova Lima/ Caeté ","belo-horizonte-nova-lima-caete","3411258"
"BR-MG-31017","BR-MG","BR-SE","BR","31017","Betim","betim","728243"
"BR-MG-31018","BR-MG","BR-SE","BR","31018","Contagem","contagem","876811"
"BR-MG-31019","BR-MG","BR-SE","BR","31019","Curvelo","curvelo","185711"
"BR-MG-31020","BR-MG","BR-SE","BR","31020","Guanhães","guanhaes","93123"
"BR-MG-31021","BR-MG","BR-SE","BR","31021","Itabira","itabira","237098"
"BR-MG-31022","BR-MG","BR-SE","BR","31022","Ouro Preto","ouro-preto","186880"
"BR-MG-31023","BR-MG","BR-SE","BR","31023","João Monlevade","joao-monlevade","139441"
"BR-MG-31024","BR-MG","BR-SE","BR","31024","Sete Lagoas","sete-lagoas","449072"
"BR-MG-31025","BR-MG","BR-SE","BR","31025","Vespasiano","vespasiano","328997"
"BR-MG-31026","BR-MG","BR-SE","BR","31026","Diamantina","diamantina","142504"
"BR-MG-31027","BR-MG","BR-SE","BR","31027","Turmalina/Minas Novas/Capelinha","turmalinaminas-novascapelinha","124958"
"BR-MG-31028","BR-MG","BR-SE","BR","31028","Bom Despacho","bom-despacho","107489"
"BR-MG-31030","BR-MG","BR-SE","BR","31030","Formiga","formiga","122971"
"BR-MG-31031","BR-MG","BR-SE","BR","31031","Itaúna","itauna","124127"
"BR-MG-31032","BR-MG","BR-SE","BR","31032","Pará de Minas","para-de-minas","252399"
"BR-MG-31034","BR-MG","BR-SE","BR","31034","Caratinga","caratinga","203324"
"BR-MG-31035","BR-MG","BR-SE","BR","31035","Coronel Fabriciano/Timóteo","coronel-fabricianotimoteo","231628"
"BR-MG-31036","BR-MG","BR-SE","BR","31036","Governador Valadares","governador-valadares","430602"
"BR-MG-31037","BR-MG","BR-SE","BR","31037","Ipatinga","ipatinga","409191"
"BR-MG-31038","BR-MG","BR-SE","BR","31038","Mantena","mantena","70031"
"BR-MG-31040","BR-MG","BR-SE","BR","31040","Resplendor","resplendor","89267"
"BR-MG-31041","BR-MG","BR-SE","BR","31041","Além  Paraíba","alem-paraiba","57311"
"BR-MG-31042","BR-MG","BR-SE","BR","31042","Carangola","carangola","128704"
"BR-MG-31044","BR-MG","BR-SE","BR","31044","Leopoldina / Cataguases","leopoldina-cataguases","183358"
"BR-MG-31045","BR-MG","BR-SE","BR","31045","Muriaé","muriae","174538"
"BR-MG-31046","BR-MG","BR-SE","BR","31046","Santos Dumont","santos-dumont","50683"
"BR-MG-31047","BR-MG","BR-SE","BR","31047","São João Nepomuceno / bicas","sao-joao-nepomuceno-bicas","73081"
"BR-MG-31048","BR-MG","BR-SE","BR","31048","Ubá","uba","316719"
"BR-MG-31049","BR-MG","BR-SE","BR","31049","Brasília de Minas/São Francisco","brasilia-de-minassao-francisco","233905"
"BR-MG-31050","BR-MG","BR-SE","BR","31050","Coração de Jesus","coracao-de-jesus","47569"
"BR-MG-31051","BR-MG","BR-SE","BR","31051","Francisco Sá","francisco-sa","74504"
"BR-MG-31052","BR-MG","BR-SE","BR","31052","Janaúba/Monte Azul","janaubamonte-azul","278394"
"BR-MG-31053","BR-MG","BR-SE","BR","31053","Januária","januaria","116874"
"BR-MG-31055","BR-MG","BR-SE","BR","31055","Pirapora","pirapora","146991"
"BR-MG-31057","BR-MG","BR-SE","BR","31057","Patos de Minas","patos-de-minas","263568"
"BR-MG-31058","BR-MG","BR-SE","BR","31058","Unaí","unai","274324"
"BR-MG-31059","BR-MG","BR-SE","BR","31059","Manhuaçu","manhuacu","345886"
"BR-MG-31060","BR-MG","BR-SE","BR","31060","Ponte Nova","ponte-nova","211450"
"BR-MG-31061","BR-MG","BR-SE","BR","31061","Viçosa","vicosa","138336"
"BR-MG-31062","BR-MG","BR-SE","BR","31062","Águas Formosas","aguas-formosas","59634"
"BR-MG-31064","BR-MG","BR-SE","BR","31064","Araçuaí","aracuai","89638"
"BR-MG-31065","BR-MG","BR-SE","BR","31065","Itaobim","itaobim","80828"
"BR-MG-31066","BR-MG","BR-SE","BR","31066","Nanuque","nanuque","68286"
"BR-MG-31067","BR-MG","BR-SE","BR","31067","Padre Paraíso","padre-paraiso","62910"
"BR-MG-31068","BR-MG","BR-SE","BR","31068","Pedra azul","pedra-azul","65080"
"BR-MG-31070","BR-MG","BR-SE","BR","31070","Araxá","araxa","189071"
"BR-MG-31071","BR-MG","BR-SE","BR","31071","Frutal / Iturama","frutal-iturama","181653"
"BR-MG-31072","BR-MG","BR-SE","BR","31072","Uberaba","uberaba","419482"
"BR-MG-31073","BR-MG","BR-SE","BR","31073","Ituiutaba","ituiutaba","195383"
"BR-MG-31074","BR-MG","BR-SE","BR","31074","Patrocínio / Monte Carmelo","patrocinio-monte-carmelo","195323"
"BR-MG-31075","BR-MG","BR-SE","BR","31075","Uberlândia / Araguari","uberlandia-araguari","915255"
"BR-MG-31076","BR-MG","BR-SE","BR","31076","Manga","manga","56910"
"BR-MG-31077","BR-MG","BR-SE","BR","31077","João Pinheiro","joao-pinheiro","73522"
"BR-MG-31078","BR-MG","BR-SE","BR","31078","Congonhas","congonhas","125453"
"BR-MG-31079","BR-MG","BR-SE","BR","31079","Conselheiro Lafaiete","conselheiro-lafaiete","186232"
"BR-MG-31080","BR-MG","BR-SE","BR","31080","Peçanha/São João Evangelista","pecanhasao-joao-evangelista","57847"
"BR-MG-31081","BR-MG","BR-SE","BR","31081","Santa Maria do Suaçuí","santa-maria-do-suacui","43389"
"BR-MG-31082","BR-MG","BR-SE","BR","31082","São Gotardo","sao-gotardo","94524"
"BR-MG-31083","BR-MG","BR-SE","BR","31083","Bocaiúva","bocaiuva","78199"
"BR-MG-31084","BR-MG","BR-SE","BR","31084","Montes Claros ","montes-claros","443347"
"BR-MG-31085","BR-MG","BR-SE","BR","31085","Taiobeiras","taiobeiras","139307"
"BR-MG-31086","BR-MG","BR-SE","BR","31086","Divinópolis","divinopolis","351052"
"BR-MG-31087","BR-MG","BR-SE","BR","31087","Lagoa da Prata/Sto Ant do Monte","lagoa-da-pratasto-ant-do-monte","128822"
"BR-MG-31088","BR-MG","BR-SE","BR","31088","Oliveira/Santo Antônio do Amparo","oliveirasanto-antonio-do-amparo","105654"
"BR-MG-31089","BR-MG","BR-SE","BR","31089","Campo Belo","campo-belo","99524"
"BR-MG-31090","BR-MG","BR-SE","BR","31090","Lima Duarte","lima-duarte","70832"
"BR-MG-31091","BR-MG","BR-SE","BR","31091","Cassia","cassia","50445"
"BR-MG-31092","BR-MG","BR-SE","BR","31092","Passos","passos","212096"
"BR-MG-31093","BR-MG","BR-SE","BR","31093","Piumhi","piumhi","76959"
"BR-MG-31094","BR-MG","BR-SE","BR","31094","Almenara/Jacinto","almenarajacinto","171474"
"BR-MG-31095","BR-MG","BR-SE","BR","31095","Serro","serro","50545"
"BR-MG-31096","BR-MG","BR-SE","BR","31096","Itambacuri","itambacuri","44524"
"BR-MG-31097","BR-MG","BR-SE","BR","31097","Juiz de Fora","juiz-de-fora","621864"
"BR-MG-31098","BR-MG","BR-SE","BR","31098","salinas","salinas","68710"
"BR-MG-31099","BR-MG","BR-SE","BR","31099","Teófilo Otoni / Malacacheta","teofilo-otoni-malacacheta","280965"
"BR-MS-50001","BR-MS","BR-CO","BR","50001","Campo Grande","campo-grande","1520047"
"BR-MS-50002","BR-MS","BR-CO","BR","50002","Corumbá","corumba","134766"
"BR-MS-50003","BR-MS","BR-CO","BR","50003","Dourados","dourados","840545"
"BR-MS-50004","BR-MS","BR-CO","BR","50004","Três Lagoas","tres-lagoas","283628"
"BR-MT-51001","BR-MT","BR-CO","BR","51001","Alto Tapajós","alto-tapajos","107911"
"BR-MT-51002","BR-MT","BR-CO","BR","51002","Baixada Cuiabana","baixada-cuiabana","1008820"
"BR-MT-51003","BR-MT","BR-CO","BR","51003","Araguaia Xingu","araguaia-xingu","90760"
"BR-MT-51004","BR-MT","BR-CO","BR","51004","Centro Norte","centro-norte","101178"
"BR-MT-51005","BR-MT","BR-CO","BR","51005","Garças Araguaia","garcas-araguaia","126381"
"BR-MT-51006","BR-MT","BR-CO","BR","51006","Médio Araguaia","medio-araguaia","98762"
"BR-MT-51007","BR-MT","BR-CO","BR","51007","Médio Norte Matogrossense","medio-norte-matogrossense","248714"
"BR-MT-51008","BR-MT","BR-CO","BR","51008","Noroeste Matogrossense","noroeste-matogrossense","165972"
"BR-MT-51009","BR-MT","BR-CO","BR","51009","Norte Araguaia Karajá","norte-araguaia-karaja","24897"
"BR-MT-51010","BR-MT","BR-CO","BR","51010","Norte Matogrossense","norte-matogrossense","68763"
"BR-MT-51011","BR-MT","BR-CO","BR","51011","Oeste Matogrossense","oeste-matogrossense","198231"
"BR-MT-51012","BR-MT","BR-CO","BR","51012","Sudoeste Matogrossense","sudoeste-matogrossense","119311"
"BR-MT-51013","BR-MT","BR-CO","BR","51013","Sul Matogrossense","sul-matogrossense","531245"
"BR-MT-51014","BR-MT","BR-CO","BR","51014","Teles Pires","teles-pires","433441"
"BR-MT-51015","BR-MT","BR-CO","BR","51015","Vale do Peixoto","vale-do-peixoto","106203"
"BR-MT-51016","BR-MT","BR-CO","BR","51016","Vale dos Arinos","vale-dos-arinos","53877"
"BR-PA-15001","BR-PA","BR-N","BR","15001","Araguaia","araguaia","566682"
"BR-PA-15002","BR-PA","BR-N","BR","15002","Baixo Amazonas","baixo-amazonas","771715"
"BR-PA-15003","BR-PA","BR-N","BR","15003","Carajás","carajas","875232"
"BR-PA-15004","BR-PA","BR-N","BR","15004","Lago de Tucuruí","lago-de-tucurui","461593"
"BR-PA-15006","BR-PA","BR-N","BR","15006","Metropolitana I","metropolitana-i","2238680"
"BR-PA-15007","BR-PA","BR-N","BR","15007","Metropolitana II","metropolitana-ii","367592"
"BR-PA-15008","BR-PA","BR-N","BR","15008","Metropolitana III","metropolitana-iii","939421"
"BR-PA-15009","BR-PA","BR-N","BR","15009","Rio Caetés","rio-caetes","541251"
"BR-PA-15010","BR-PA","BR-N","BR","15010","Tapajós","tapajos","221135"
"BR-PA-15011","BR-PA","BR-N","BR","15011","Tocantins","tocantins","705089"
"BR-PA-15012","BR-PA","BR-N","BR","15012","Xingu","xingu","350276"
"BR-PA-15013","BR-PA","BR-N","BR","15013","Marajó I","marajo-i","244027"
"BR-PA-15014","BR-PA","BR-N","BR","15014","Marajó II","marajo-ii","320172"
"BR-PB-25001","BR-PB","BR-NE","BR","25001","1ª Região Mata Atlântica","1a-regiao-mata-atlantica","1312521"
"BR-PB-25002","BR-PB","BR-NE","BR","25002","2ª Região","2a-regiao","306906"
"BR-PB-25003","BR-PB","BR-NE","BR","25003","3ª Região","3a-regiao","197160"
"BR-PB-25004","BR-PB","BR-NE","BR","25004","4ª Região","4a-regiao","113150"
"BR-PB-25005","BR-PB","BR-NE","BR","25005","5ª Região","5a-regiao","113432"
"BR-PB-25006","BR-PB","BR-NE","BR","25006","6ª Região","6a-regiao","237568"
"BR-PB-25007","BR-PB","BR-NE","BR","25007","7ª Região","7a-regiao","148646"
"BR-PB-25008","BR-PB","BR-NE","BR","25008","8ª Região","8a-regiao","118439"
"BR-PB-25009","BR-PB","BR-NE","BR","25009","9ª Região","9a-regiao","177393"
"BR-PB-25010","BR-PB","BR-NE","BR","25010","10ª Região","10a-regiao","117399"
"BR-PB-25011","BR-PB","BR-NE","BR","25011","11ª Região","11a-regiao","84949"
"BR-PB-25012","BR-PB","BR-NE","BR","25012","12ª Região","12a-regiao","176022"
"BR-PB-25013","BR-PB","BR-NE","BR","25013","13ª Região","13a-regiao","60609"
"BR-PB-25014","BR-PB","BR-NE","BR","25014","14ª Região","14a-regiao","152330"
"BR-PB-25015","BR-PB","BR-NE","BR","25015","15ª Região","15a-regiao","151072"
"BR-PB-25016","BR-PB","BR-NE","BR","25016","16ª Região","16a-regiao","550531"
"BR-PE-26001","BR-PE","BR-NE","BR","26001","Afogados da Ingazeira","afogados-da-ingazeira","190011"
"BR-PE-26002","BR-PE","BR-NE","BR","26002","Arcoverde","arcoverde","425162"
"BR-PE-26003","BR-PE","BR-NE","BR","26003","Caruaru","caruaru","1377071"
"BR-PE-26004","BR-PE","BR-NE","BR","26004","Garanhuns","garanhuns","545039"
"BR-PE-26005","BR-PE","BR-NE","BR","26005","Goiana","goiana","315057"
"BR-PE-26006","BR-PE","BR-NE","BR","26006","Limoeiro","limoeiro","600850"
"BR-PE-26007","BR-PE","BR-NE","BR","26007","Ouricuri","ouricuri","355864"
"BR-PE-26008","BR-PE","BR-NE","BR","26008","Palmares","palmares","621417"
"BR-PE-26009","BR-PE","BR-NE","BR","26009","Petrolina","petrolina","504432"
"BR-PE-26010","BR-PE","BR-NE","BR","26010","Recife","recife","4234546"
"BR-PE-26011","BR-PE","BR-NE","BR","26011","Salgueiro","salgueiro","147651"
"BR-PE-26012","BR-PE","BR-NE","BR","26012","Serra Talhada","serra-talhada","239971"
"BR-PI-22001","BR-PI","BR-NE","BR","22001","Carnaubais","carnaubais","163350"
"BR-PI-22002","BR-PI","BR-NE","BR","22002","Chapada das Mangabeiras","chapada-das-mangabeiras","197346"
"BR-PI-22003","BR-PI","BR-NE","BR","22003","Cocais","cocais","401648"
"BR-PI-22004","BR-PI","BR-NE","BR","22004","Entre Rios","entre-rios","1232854"
"BR-PI-22005","BR-PI","BR-NE","BR","22005","Planície Litorânea","planicie-litoranea","280259"
"BR-PI-22006","BR-PI","BR-NE","BR","22006","Serra da Capivara","serra-da-capivara","148434"
"BR-PI-22007","BR-PI","BR-NE","BR","22007","Tabuleiros do Alto Parnaíba","tabuleiros-do-alto-parnaiba","47943"
"BR-PI-22008","BR-PI","BR-NE","BR","22008","Vale do Canindé","vale-do-caninde","108908"
"BR-PI-22009","BR-PI","BR-NE","BR","22009","Vale do Rio Guaribas","vale-do-rio-guaribas","376792"
"BR-PI-22010","BR-PI","BR-NE","BR","22010","Vale do Sambito","vale-do-sambito","106786"
"BR-PI-22011","BR-PI","BR-NE","BR","22011","Vale dos Rios Piauí e Itaueiras","vale-dos-rios-piaui-e-itaueiras","208907"
"BR-PR-41001","BR-PR","BR-S","BR","41001","1ª RS Paranaguá","1a-rs-paranagua","297029"
"BR-PR-41002","BR-PR","BR-S","BR","41002","2ª RS Metropolitana","2a-rs-metropolitana","3654960"
"BR-PR-41003","BR-PR","BR-S","BR","41003","3ª RS Ponta Grossa","3a-rs-ponta-grossa","637293"
"BR-PR-41004","BR-PR","BR-S","BR","41004","4ª RS Irati","4a-rs-irati","174933"
"BR-PR-41005","BR-PR","BR-S","BR","41005","5ª RS Guarapuava","5a-rs-guarapuava","456587"
"BR-PR-41006","BR-PR","BR-S","BR","41006","6ª RS União da Vitória","6a-rs-uniao-da-vitoria","177311"
"BR-PR-41007","BR-PR","BR-S","BR","41007","7ª RS Pato Branco","7a-rs-pato-branco","267234"
"BR-PR-41008","BR-PR","BR-S","BR","41008","8ª RS Francisco Beltrão","8a-rs-francisco-beltrao","358144"
"BR-PR-41009","BR-PR","BR-S","BR","41009","9ª RS Foz do Iguaçu","9a-rs-foz-do-iguacu","404414"
"BR-PR-41010","BR-PR","BR-S","BR","41010","10ª RS Cascavel","10a-rs-cascavel","550709"
"BR-PR-41011","BR-PR","BR-S","BR","41011","11ª RS Campo Mourão","11a-rs-campo-mourao","328863"
"BR-PR-41012","BR-PR","BR-S","BR","41012","12ª RS Umuarama","12a-rs-umuarama","276371"
"BR-PR-41013","BR-PR","BR-S","BR","41013","13ª RS Cianorte","13a-rs-cianorte","160642"
"BR-PR-41014","BR-PR","BR-S","BR","41014","14ª RS Paranavaí","14a-rs-paranavai","275974"
"BR-PR-41015","BR-PR","BR-S","BR","41015","15ª RS Maringá","15a-rs-maringa","838017"
"BR-PR-41016","BR-PR","BR-S","BR","41016","16ª RS Apucarana","16a-rs-apucarana","384198"
"BR-PR-41017","BR-PR","BR-S","BR","41017","17ª RS Londrina","17a-rs-londrina","964251"
"BR-PR-41018","BR-PR","BR-S","BR","41018","18ª RS Cornélio Procópio","18a-rs-cornelio-procopio","222583"
"BR-PR-41019","BR-PR","BR-S","BR","41019","19ª RS Jacarezinho","19a-rs-jacarezinho","289020"
"BR-PR-41020","BR-PR","BR-S","BR","41020","20ª RS Toledo","20a-rs-toledo","398323"
"BR-PR-41021","BR-PR","BR-S","BR","41021","21ª RS Telêmaco Borba","21a-rs-telemaco-borba","188456"
"BR-PR-41022","BR-PR","BR-S","BR","41022","22ª RS Ivaiporã","22a-rs-ivaipora","128645"
"BR-RJ-33001","BR-RJ","BR-SE","BR","33001","Baia da Ilha Grande","baia-da-ilha-grande","291418"
"BR-RJ-33002","BR-RJ","BR-SE","BR","33002","Baixada Litorânea","baixada-litoranea","839958"
"BR-RJ-33003","BR-RJ","BR-SE","BR","33003","Centro-Sul","centro-sul","340526"
"BR-RJ-33004","BR-RJ","BR-SE","BR","33004","Médio Paraíba","medio-paraiba","913698"
"BR-RJ-33005","BR-RJ","BR-SE","BR","33005","Metropolitana I","metropolitana-i","10497016"
"BR-RJ-33006","BR-RJ","BR-SE","BR","33006","Metropolitana II","metropolitana-ii","2116506"
"BR-RJ-33007","BR-RJ","BR-SE","BR","33007","Noroeste","noroeste","348191"
"BR-RJ-33008","BR-RJ","BR-SE","BR","33008","Norte","norte","945425"
"BR-RJ-33009","BR-RJ","BR-SE","BR","33009","Serrana","serrana","972205"
"BR-RN-24001","BR-RN","BR-NE","BR","24001","1ª Região de Saúde - São José de Mipibu","1a-regiao-de-saude-sao-jose-de-mipibu","385562"
"BR-RN-24002","BR-RN","BR-NE","BR","24002","2ª Região de Saúde - Mossoró","2a-regiao-de-saude-mossoro","489496"
"BR-RN-24003","BR-RN","BR-NE","BR","24003","3ª Região de Saúde - João Câmara","3a-regiao-de-saude-joao-camara","352633"
"BR-RN-24004","BR-RN","BR-NE","BR","24004","4ª Região de Saúde - Caicó","4a-regiao-de-saude-caico","311037"
"BR-RN-24005","BR-RN","BR-NE","BR","24005","5ª Região de Saúde - Santa Cruz","5a-regiao-de-saude-santa-cruz","201256"
"BR-RN-24006","BR-RN","BR-NE","BR","24006","6ª Região de Saúde - Pau dos Ferros","6a-regiao-de-saude-pau-dos-ferros","251618"
"BR-RN-24007","BR-RN","BR-NE","BR","24007","7ª Região de Saúde - Metropolitana","7a-regiao-de-saude-metropolitana","1357366"
"BR-RN-24008","BR-RN","BR-NE","BR","24008","8ª Região de Saúde - Açu","8a-regiao-de-saude-acu","157885"
"BR-RO-11001","BR-RO","BR-N","BR","11001","Vale do Jamari","vale-do-jamari","274136"
"BR-RO-11002","BR-RO","BR-N","BR","11002","Café","cafe","172081"
"BR-RO-11003","BR-RO","BR-N","BR","11003","Central","central","343113"
"BR-RO-11004","BR-RO","BR-N","BR","11004","Madeira-Mamoré","madeira-mamore","643452"
"BR-RO-11005","BR-RO","BR-N","BR","11005","Zona da Mata","zona-da-mata","135877"
"BR-RO-11006","BR-RO","BR-N","BR","11006","Cone Sul","cone-sul","158113"
"BR-RO-11007","BR-RO","BR-N","BR","11007","Vale do Guaporé","vale-do-guapore","50453"
"BR-RR-14001","BR-RR","BR-N","BR","14001","Centro Norte","centro-norte","515366"
"BR-RR-14002","BR-RR","BR-N","BR","14002","Sul","sul","90395"
"BR-RS-43001","BR-RS","BR-S","BR","43001","Região 01 - Verdes Campos","regiao-01-verdes-campos","436807"
"BR-RS-43002","BR-RS","BR-S","BR","43002","Região 02 - Entre Rios","regiao-02-entre-rios","123022"
"BR-RS-43003","BR-RS","BR-S","BR","43003","Região 03 - Fronteira Oeste","regiao-03-fronteira-oeste","458083"
"BR-RS-43004","BR-RS","BR-S","BR","43004","Região 04 - Belas Praias","regiao-04-belas-praias","160805"
"BR-RS-43005","BR-RS","BR-S","BR","43005","Região 05 - Bons Ventos","regiao-05-bons-ventos","236258"
"BR-RS-43006","BR-RS","BR-S","BR","43006","Região 06 - Vale do Paranhana e Costa Serra","regiao-06-vale-do-paranhana-e-costa-serra","235000"
"BR-RS-43007","BR-RS","BR-S","BR","43007","Região 07 - Vale dos Sinos","regiao-07-vale-dos-sinos","829904"
"BR-RS-43008","BR-RS","BR-S","BR","43008","Região 08 - Vale do Caí e Metropolitana","regiao-08-vale-do-cai-e-metropolitana","778841"
"BR-RS-43009","BR-RS","BR-S","BR","43009","Região 09 - Carbonífera/Costa Doce","regiao-09-carboniferacosta-doce","413183"
"BR-RS-43010","BR-RS","BR-S","BR","43010","Região 10 - Capital e Vale do Gravataí","regiao-10-capital-e-vale-do-gravatai","2369210"
"BR-RS-43011","BR-RS","BR-S","BR","43011","Região 11 - Sete Povos das Missões","regiao-11-sete-povos-das-missoes","279639"
"BR-RS-43012","BR-RS","BR-S","BR","43012","Região 12 - Portal das Missões","regiao-12-portal-das-missoes","151846"
"BR-RS-43013","BR-RS","BR-S","BR","43013","Região 13 - Diversidade","regiao-13-diversidade","229293"
"BR-RS-43014","BR-RS","BR-S","BR","43014","Região 14 - Fronteira Noroeste","regiao-14-fronteira-noroeste","223910"
"BR-RS-43015","BR-RS","BR-S","BR","43015","Região 15 - Caminho das Águas","regiao-15-caminho-das-aguas","182722"
"BR-RS-43016","BR-RS","BR-S","BR","43016","Região 16 - Alto Uruguai Gaúcho","regiao-16-alto-uruguai-gaucho","232942"
"BR-RS-43017","BR-RS","BR-S","BR","43017","Região 17 - Planalto","regiao-17-planalto","416446"
"BR-RS-43018","BR-RS","BR-S","BR","43018","Região 18 - Araucárias","regiao-18-araucarias","133202"
"BR-RS-43019","BR-RS","BR-S","BR","43019","Região 19 - Botucaraí","regiao-19-botucarai","117302"
"BR-RS-43020","BR-RS","BR-S","BR","43020","Região 20 - Rota da Produção","regiao-20-rota-da-producao","163205"
"BR-RS-43021","BR-RS","BR-S","BR","43021","Região 21 - Sul","regiao-21-sul","878951"
"BR-RS-43022","BR-RS","BR-S","BR","43022","Região 22 - Pampa","regiao-22-pampa","188345"
"BR-RS-43023","BR-RS","BR-S","BR","43023","Região 23 - Caxias e Hortênsias","regiao-23-caxias-e-hortensias","620945"
"BR-RS-43024","BR-RS","BR-S","BR","43024","Região 24 - Campos de Cima da Serra","regiao-24-campos-de-cima-da-serra","99809"
"BR-RS-43025","BR-RS","BR-S","BR","43025","Região 25 - Vinhedos e Basalto","regiao-25-vinhedos-e-basalto","317563"
"BR-RS-43026","BR-RS","BR-S","BR","43026","Região 26 - Uva Vale","regiao-26-uva-vale","189350"
"BR-RS-43027","BR-RS","BR-S","BR","43027","Região 27 - Jacuí Centro","regiao-27-jacui-centro","203016"
"BR-RS-43028","BR-RS","BR-S","BR","43028","Região 28 - Vinte e Oito","regiao-28-vinte-e-oito","351490"
"BR-RS-43029","BR-RS","BR-S","BR","43029","Região 29 - Vales e Montanhas","regiao-29-vales-e-montanhas","225922"
"BR-RS-43030","BR-RS","BR-S","BR","43030","Região 30 - Vale da Luz","regiao-30-vale-da-luz","130228"
"BR-SC-42001","BR-SC","BR-S","BR","42001","Extremo Oeste","extremo-oeste","232413"
"BR-SC-42002","BR-SC","BR-S","BR","42002","Oeste","oeste","364866"
"BR-SC-42003","BR-SC","BR-S","BR","42003","Xanxerê","xanxere","201088"
"BR-SC-42004","BR-SC","BR-S","BR","42004","Alto Vale do Itajaí","alto-vale-do-itajai","297821"
"BR-SC-42005","BR-SC","BR-S","BR","42005","Foz do Rio Itajaí","foz-do-rio-itajai","715485"
"BR-SC-42006","BR-SC","BR-S","BR","42006","Médio Vale do Itajaí","medio-vale-do-itajai","795369"
"BR-SC-42007","BR-SC","BR-S","BR","42007","Grande Florianópolis","grande-florianopolis","1209818"
"BR-SC-42008","BR-SC","BR-S","BR","42008","Meio Oeste","meio-oeste","192347"
"BR-SC-42009","BR-SC","BR-S","BR","42009","Alto Vale do Rio do Peixe","alto-vale-do-rio-do-peixe","294895"
"BR-SC-42010","BR-SC","BR-S","BR","42010","Alto Uruguai Catarinense","alto-uruguai-catarinense","143718"
"BR-SC-42011","BR-SC","BR-S","BR","42011","Nordeste","nordeste","1040439"
"BR-SC-42012","BR-SC","BR-S","BR","42012","Planalto Norte","planalto-norte","379079"
"BR-SC-42013","BR-SC","BR-S","BR","42013","Serra Catarinense","serra-catarinense","288162"
"BR-SC-42014","BR-SC","BR-S","BR","42014","Extremo Sul Catarinense","extremo-sul-catarinense","202376"
"BR-SC-42015","BR-SC","BR-S","BR","42015","Carbonífera","carbonifera","438166"
"BR-SC-42016","BR-SC","BR-S","BR","42016","Laguna","laguna","368746"
"BR-SE-28001","BR-SE","BR-NE","BR","28001","Aracaju","aracaju","860938"
"BR-SE-28002","BR-SE","BR-NE","BR","28002","Estância","estancia","246282"
"BR-SE-28003","BR-SE","BR-NE","BR","28003","Itabaiana","itabaiana","252805"
"BR-SE-28004","BR-SE","BR-NE","BR","28004","Lagarto","lagarto","260614"
"BR-SE-28005","BR-SE","BR-NE","BR","28005","Nossa Senhora da Glória","nossa-senhora-da-gloria","173135"
"BR-SE-28006","BR-SE","BR-NE","BR","28006","Nossa Senhora do Socorro","nossa-senhora-do-socorro","345523"
"BR-SE-28007","BR-SE","BR-NE","BR","28007","Propriá","propria","159399"
"BR-SP-35011","BR-SP","BR-SE","BR","35011","Alto do Tietê","alto-do-tiete","3031955"
"BR-SP-35012","BR-SP","BR-SE","BR","35012","Franco da Rocha","franco-da-rocha","608783"
"BR-SP-35013","BR-SP","BR-SE","BR","35013","Mananciais","mananciais","1157544"
"BR-SP-35014","BR-SP","BR-SE","BR","35014","Rota dos Bandeirantes","rota-dos-bandeirantes","1894506"
"BR-SP-35015","BR-SP","BR-SE","BR","35015","Grande ABC","grande-abc","2789871"
"BR-SP-35016","BR-SP","BR-SE","BR","35016","São Paulo","sao-paulo","12252023"
"BR-SP-35021","BR-SP","BR-SE","BR","35021","Central do DRS II","central-do-drs-ii","304821"
"BR-SP-35022","BR-SP","BR-SE","BR","35022","Lagos do DRS II","lagos-do-drs-ii","205427"
"BR-SP-35023","BR-SP","BR-SE","BR","35023","Consórcios do DRS II","consorcios-do-drs-ii","281008"
"BR-SP-35031","BR-SP","BR-SE","BR","35031","Central do DRS III","central-do-drs-iii","322386"
"BR-SP-35032","BR-SP","BR-SE","BR","35032","Centro Oeste do DRS III","centro-oeste-do-drs-iii","146881"
"BR-SP-35033","BR-SP","BR-SE","BR","35033","Norte do DRS III","norte-do-drs-iii","157668"
"BR-SP-35034","BR-SP","BR-SE","BR","35034","Coração do DRS III","coracao-do-drs-iii","399047"
"BR-SP-35041","BR-SP","BR-SE","BR","35041","Baixada Santista","baixada-santista","1865397"
"BR-SP-35051","BR-SP","BR-SE","BR","35051","Norte - Barretos","norte-barretos","292653"
"BR-SP-35052","BR-SP","BR-SE","BR","35052","Sul - Barretos","sul-barretos","148254"
"BR-SP-35061","BR-SP","BR-SE","BR","35061","Vale do Jurumirim","vale-do-jurumirim","303868"
"BR-SP-35062","BR-SP","BR-SE","BR","35062","Bauru","bauru","654154"
"BR-SP-35063","BR-SP","BR-SE","BR","35063","Polo Cuesta","polo-cuesta","316844"
"BR-SP-35064","BR-SP","BR-SE","BR","35064","Jaú","jau","355931"
"BR-SP-35065","BR-SP","BR-SE","BR","35065","Lins","lins","169960"
"BR-SP-35071","BR-SP","BR-SE","BR","35071","Bragança","braganca","475660"
"BR-SP-35072","BR-SP","BR-SE","BR","35072","Região Metropolitana de Campinas","regiao-metropolitana-de-campinas","3244142"
"BR-SP-35073","BR-SP","BR-SE","BR","35073","Jundiaí","jundiai","815338"
"BR-SP-35074","BR-SP","BR-SE","BR","35074","Circuito das Águas","circuito-das-aguas","136147"
"BR-SP-35081","BR-SP","BR-SE","BR","35081","Três Colinas","tres-colinas","427758"
"BR-SP-35082","BR-SP","BR-SE","BR","35082","Alta Anhanguera","alta-anhanguera","164615"
"BR-SP-35083","BR-SP","BR-SE","BR","35083","Alta Mogiana","alta-mogiana","125803"
"BR-SP-35091","BR-SP","BR-SE","BR","35091","Adamantina","adamantina","138431"
"BR-SP-35092","BR-SP","BR-SE","BR","35092","Assis","assis","247470"
"BR-SP-35093","BR-SP","BR-SE","BR","35093","Marília","marilia","390523"
"BR-SP-35094","BR-SP","BR-SE","BR","35094","Ourinhos","ourinhos","244242"
"BR-SP-35095","BR-SP","BR-SE","BR","35095","Tupã","tupa","128466"
"BR-SP-35101","BR-SP","BR-SE","BR","35101","Araras","araras","346589"
"BR-SP-35102","BR-SP","BR-SE","BR","35102","Limeira","limeira","375650"
"BR-SP-35103","BR-SP","BR-SE","BR","35103","Piracicaba","piracicaba","596232"
"BR-SP-35104","BR-SP","BR-SE","BR","35104","Rio Claro","rio-claro","268075"
"BR-SP-35111","BR-SP","BR-SE","BR","35111","Alta Paulista","alta-paulista","135956"
"BR-SP-35112","BR-SP","BR-SE","BR","35112","Alta Sorocabana","alta-sorocabana","413476"
"BR-SP-35113","BR-SP","BR-SE","BR","35113","Alto Capivari","alto-capivari","59639"
"BR-SP-35114","BR-SP","BR-SE","BR","35114","Extremo Oeste Paulista","extremo-oeste-paulista","99135"
"BR-SP-35115","BR-SP","BR-SE","BR","35115","Pontal do Paranapanema","pontal-do-paranapanema","67421"
"BR-SP-35121","BR-SP","BR-SE","BR","35121","Vale do Ribeira","vale-do-ribeira","284509"
"BR-SP-35131","BR-SP","BR-SE","BR","35131","Horizonte Verde","horizonte-verde","447537"
"BR-SP-35132","BR-SP","BR-SE","BR","35132","Aquífero Guarani","aquifero-guarani","934756"
"BR-SP-35133","BR-SP","BR-SE","BR","35133","Vale das Cachoeiras","vale-das-cachoeiras","141389"
"BR-SP-35141","BR-SP","BR-SE","BR","35141","Baixa Mogiana","baixa-mogiana","331154"
"BR-SP-35142","BR-SP","BR-SE","BR","35142","Mantiqueira","mantiqueira","286393"
"BR-SP-35143","BR-SP","BR-SE","BR","35143","Rio Pardo","rio-pardo","217325"
"BR-SP-35151","BR-SP","BR-SE","BR","35151","Catanduva","catanduva","320610"
"BR-SP-35152","BR-SP","BR-SE","BR","35152","Santa Fé do Sul","santa-fe-do-sul","47771"
"BR-SP-35153","BR-SP","BR-SE","BR","35153","Jales","jales","103857"
"BR-SP-35154","BR-SP","BR-SE","BR","35154","Fernandópolis","fernandopolis","117293"
"BR-SP-35155","BR-SP","BR-SE","BR","35155","São José do Rio Preto","sao-jose-do-rio-preto","732845"
"BR-SP-35156","BR-SP","BR-SE","BR","35156","José Bonifácio","jose-bonifacio","105601"
"BR-SP-35157","BR-SP","BR-SE","BR","35157","Votuporanga","votuporanga","201493"
"BR-SP-35161","BR-SP","BR-SE","BR","35161","Itapetininga","itapetininga","510392"
"BR-SP-35162","BR-SP","BR-SE","BR","35162","Itapeva","itapeva","281984"
"BR-SP-35163","BR-SP","BR-SE","BR","35163","Sorocaba","sorocaba","1741781"
"BR-SP-35171","BR-SP","BR-SE","BR","35171","Alto Vale do Paraíba","alto-vale-do-paraiba","1103668"
"BR-SP-35172","BR-SP","BR-SE","BR","35172","Circuito da Fé e Vale Histórico","circuito-da-fe-e-vale-historico","486352"
"BR-SP-35173","BR-SP","BR-SE","BR","35173","Litoral Norte","litoral-norte","336281"
"BR-SP-35174","BR-SP","BR-SE","BR","35174","Vale do Paraíba/Região Serrana","vale-do-paraibaregiao-serrana","626309"
"BR-TO-17001","BR-TO","BR-N","BR","17001","Médio Norte Araguaia","medio-norte-araguaia","301862"
"BR-TO-17002","BR-TO","BR-N","BR","17002","Bico do Papagaio","bico-do-papagaio","209796"
"BR-TO-17003","BR-TO","BR-N","BR","17003","Sudeste","sudeste","98597"
"BR-TO-17004","BR-TO","BR-N","BR","17004","Cerrado Tocantins Araguaia","cerrado-tocantins-araguaia","161802"
"BR-TO-17005","BR-TO","BR-N","BR","17005","Ilha do Bananal","ilha-do-bananal","184257"
"BR-TO-17006","BR-TO","BR-N","BR","17006","Capim Dourado","capim-dourado","375033"
"BR-TO-17007","BR-TO","BR-N","BR","17007","Cantão","cantao","130124"
"BR-TO-17008","BR-TO","BR-N","BR","17008","Amor Perfeito","amor-perfeito","111395"
